name_player,id_player,championName,championId,kda,kills,deaths,assists,goldEarned,goldSpent,visionScore,win
PAL4,HvmU6FpksadT5AB4ZrQxDmQk59Z828u3iO8LtVvv6mwwIA,Ornn,516,15.0,5,1,10,13237,11250,24,True
PAL4,HvmU6FpksadT5AB4ZrQxDmQk59Z828u3iO8LtVvv6mwwIA,Chogath,31,2.6666666666666665,5,3,3,11255,11175,34,False
PAL4,HvmU6FpksadT5AB4ZrQxDmQk59Z828u3iO8LtVvv6mwwIA,Ornn,516,8.0,3,3,21,17573,16700,48,True
PAL4,HvmU6FpksadT5AB4ZrQxDmQk59Z828u3iO8LtVvv6mwwIA,Ornn,516,6.333333333333333,7,3,12,14008,13850,40,True
PAL4,HvmU6FpksadT5AB4ZrQxDmQk59Z828u3iO8LtVvv6mwwIA,Ornn,516,5.0,11,4,9,13068,13775,24,False
PAL4,HvmU6FpksadT5AB4ZrQxDmQk59Z828u3iO8LtVvv6mwwIA,Syndra,134,0.6666666666666666,0,6,4,9941,8400,22,False
PAL4,HvmU6FpksadT5AB4ZrQxDmQk59Z828u3iO8LtVvv6mwwIA,Malzahar,90,7.5,5,2,10,14140,13050,43,True
PAL4,HvmU6FpksadT5AB4ZrQxDmQk59Z828u3iO8LtVvv6mwwIA,Ornn,516,1.8333333333333333,1,6,10,8420,8450,17,False
PAL4,HvmU6FpksadT5AB4ZrQxDmQk59Z828u3iO8LtVvv6mwwIA,Ornn,516,2.6666666666666665,3,6,13,11380,10230,18,False
PAL4,HvmU6FpksadT5AB4ZrQxDmQk59Z828u3iO8LtVvv6mwwIA,Ornn,516,3.0,1,2,5,5587,4800,14,True
PAL4,HvmU6FpksadT5AB4ZrQxDmQk59Z828u3iO8LtVvv6mwwIA,Rell,526,5.0,0,5,25,10124,7950,63,True
PAL4,HvmU6FpksadT5AB4ZrQxDmQk59Z828u3iO8LtVvv6mwwIA,Ornn,516,11.0,2,1,9,8524,7750,17,True
PAL4,HvmU6FpksadT5AB4ZrQxDmQk59Z828u3iO8LtVvv6mwwIA,Ornn,516,7.666666666666667,8,3,15,13459,12275,24,True
PAL4,HvmU6FpksadT5AB4ZrQxDmQk59Z828u3iO8LtVvv6mwwIA,Ornn,516,1.2857142857142858,3,7,6,8322,8075,27,True
PAL4,HvmU6FpksadT5AB4ZrQxDmQk59Z828u3iO8LtVvv6mwwIA,Rell,526,2.142857142857143,1,7,14,7878,7450,62,True
PAL4,HvmU6FpksadT5AB4ZrQxDmQk59Z828u3iO8LtVvv6mwwIA,Ornn,516,7.0,1,2,13,8904,7950,24,True
PAL4,HvmU6FpksadT5AB4ZrQxDmQk59Z828u3iO8LtVvv6mwwIA,Ahri,103,0.0,0,0,0,542,500,0,False
PAL4,HvmU6FpksadT5AB4ZrQxDmQk59Z828u3iO8LtVvv6mwwIA,Ahri,103,4.0,5,4,11,12439,11150,38,True
PAL4,HvmU6FpksadT5AB4ZrQxDmQk59Z828u3iO8LtVvv6mwwIA,Ornn,516,16.0,2,1,14,12991,11700,39,True
PAL4,HvmU6FpksadT5AB4ZrQxDmQk59Z828u3iO8LtVvv6mwwIA,Ahri,103,1.0,0,0,1,1277,500,0,True
PAL4,HvmU6FpksadT5AB4ZrQxDmQk59Z828u3iO8LtVvv6mwwIA,Ahri,103,1.5,3,4,3,10376,9750,28,False
PAL4,HvmU6FpksadT5AB4ZrQxDmQk59Z828u3iO8LtVvv6mwwIA,Ahri,103,5.0,8,3,7,12828,12160,26,False
PAL4,HvmU6FpksadT5AB4ZrQxDmQk59Z828u3iO8LtVvv6mwwIA,Ahri,103,0.3333333333333333,1,6,1,6619,6075,16,False
PAL4,HvmU6FpksadT5AB4ZrQxDmQk59Z828u3iO8LtVvv6mwwIA,AurelionSol,136,5.0,10,3,5,16545,16585,26,False
PAL4,HvmU6FpksadT5AB4ZrQxDmQk59Z828u3iO8LtVvv6mwwIA,Ahri,103,2.0,2,4,6,9428,9200,15,False
PAL4,HvmU6FpksadT5AB4ZrQxDmQk59Z828u3iO8LtVvv6mwwIA,Ahri,103,15.0,6,1,9,11733,9700,23,True
PAL4,HvmU6FpksadT5AB4ZrQxDmQk59Z828u3iO8LtVvv6mwwIA,Ahri,103,2.357142857142857,10,14,23,16357,15950,37,True
PAL4,HvmU6FpksadT5AB4ZrQxDmQk59Z828u3iO8LtVvv6mwwIA,Anivia,34,3.0,3,2,3,9297,8925,27,False
PAL4,HvmU6FpksadT5AB4ZrQxDmQk59Z828u3iO8LtVvv6mwwIA,Ornn,516,11.0,3,0,8,10169,9400,22,True
PAL4,HvmU6FpksadT5AB4ZrQxDmQk59Z828u3iO8LtVvv6mwwIA,Ornn,516,7.0,9,3,12,12994,11750,33,True
PAL4,HvmU6FpksadT5AB4ZrQxDmQk59Z828u3iO8LtVvv6mwwIA,Ornn,516,1.0,0,0,1,1180,500,1,True
PAL4,HvmU6FpksadT5AB4ZrQxDmQk59Z828u3iO8LtVvv6mwwIA,Ornn,516,3.0,2,1,1,6852,6075,12,False
PAL4,HvmU6FpksadT5AB4ZrQxDmQk59Z828u3iO8LtVvv6mwwIA,AurelionSol,136,7.75,16,4,15,23097,16660,53,True
PAL4,HvmU6FpksadT5AB4ZrQxDmQk59Z828u3iO8LtVvv6mwwIA,Thresh,412,1.8333333333333333,1,6,10,7291,6675,38,False
PAL4,HvmU6FpksadT5AB4ZrQxDmQk59Z828u3iO8LtVvv6mwwIA,Leona,89,2.6,0,5,13,6557,5825,63,False
PAL4,HvmU6FpksadT5AB4ZrQxDmQk59Z828u3iO8LtVvv6mwwIA,Thresh,412,6.0,2,4,22,8917,7725,53,True
PAL4,HvmU6FpksadT5AB4ZrQxDmQk59Z828u3iO8LtVvv6mwwIA,Chogath,31,1.6,2,5,6,8659,8375,12,False
PAL4,HvmU6FpksadT5AB4ZrQxDmQk59Z828u3iO8LtVvv6mwwIA,Chogath,31,2.0,0,4,8,9101,8350,20,True
PAL4,HvmU6FpksadT5AB4ZrQxDmQk59Z828u3iO8LtVvv6mwwIA,Chogath,31,2.1666666666666665,5,6,8,11641,9425,23,True
PAL4,HvmU6FpksadT5AB4ZrQxDmQk59Z828u3iO8LtVvv6mwwIA,Chogath,31,1.3333333333333333,2,6,6,8200,7950,18,False
PAL4,HvmU6FpksadT5AB4ZrQxDmQk59Z828u3iO8LtVvv6mwwIA,Malzahar,90,1.5,4,4,2,10438,10100,11,False
PAL4,HvmU6FpksadT5AB4ZrQxDmQk59Z828u3iO8LtVvv6mwwIA,Malzahar,90,1.0,2,3,1,6984,6400,20,False
PAL4,HvmU6FpksadT5AB4ZrQxDmQk59Z828u3iO8LtVvv6mwwIA,Milio,902,6.75,0,4,27,10567,9435,66,True
PAL4,HvmU6FpksadT5AB4ZrQxDmQk59Z828u3iO8LtVvv6mwwIA,Milio,902,6.333333333333333,0,3,19,8493,7725,57,True
PAL4,HvmU6FpksadT5AB4ZrQxDmQk59Z828u3iO8LtVvv6mwwIA,Ornn,516,1.2,2,5,4,9963,12200,20,False
PAL4,HvmU6FpksadT5AB4ZrQxDmQk59Z828u3iO8LtVvv6mwwIA,Ornn,516,3.0,3,2,3,7783,7175,21,True
PAL4,HvmU6FpksadT5AB4ZrQxDmQk59Z828u3iO8LtVvv6mwwIA,Galio,3,1.4444444444444444,5,9,8,8049,7210,22,False
PAL4,HvmU6FpksadT5AB4ZrQxDmQk59Z828u3iO8LtVvv6mwwIA,Amumu,32,0.7777777777777778,0,9,7,5456,4685,26,False
PAL4,HvmU6FpksadT5AB4ZrQxDmQk59Z828u3iO8LtVvv6mwwIA,Ornn,516,0.5,0,4,2,6055,6110,15,False
PAL4,HvmU6FpksadT5AB4ZrQxDmQk59Z828u3iO8LtVvv6mwwIA,Ornn,516,0.8,1,5,3,9165,8850,22,False
josedelporro XD ,h_0ohqkm9Vas0lG6ZQOCX-eu2kvYoft4X1W_xpLGlsVyetw,Nocturne,56,6.0,10,3,8,14901,13400,20,True
josedelporro XD ,h_0ohqkm9Vas0lG6ZQOCX-eu2kvYoft4X1W_xpLGlsVyetw,Nocturne,56,4.0,10,4,6,13224,12475,17,True
josedelporro XD ,h_0ohqkm9Vas0lG6ZQOCX-eu2kvYoft4X1W_xpLGlsVyetw,Nocturne,56,4.25,10,4,7,15894,14350,16,True
josedelporro XD ,h_0ohqkm9Vas0lG6ZQOCX-eu2kvYoft4X1W_xpLGlsVyetw,Diana,131,5.0,10,4,10,14389,12325,18,True
josedelporro XD ,h_0ohqkm9Vas0lG6ZQOCX-eu2kvYoft4X1W_xpLGlsVyetw,Nocturne,56,7.25,22,4,7,19826,17100,27,True
josedelporro XD ,h_0ohqkm9Vas0lG6ZQOCX-eu2kvYoft4X1W_xpLGlsVyetw,Rammus,33,2.875,11,8,12,12577,11975,21,False
josedelporro XD ,h_0ohqkm9Vas0lG6ZQOCX-eu2kvYoft4X1W_xpLGlsVyetw,Nocturne,56,0.0,0,0,0,500,500,0,False
josedelporro XD ,h_0ohqkm9Vas0lG6ZQOCX-eu2kvYoft4X1W_xpLGlsVyetw,Nocturne,56,1.875,5,8,10,12239,11200,16,False
josedelporro XD ,h_0ohqkm9Vas0lG6ZQOCX-eu2kvYoft4X1W_xpLGlsVyetw,Blitzcrank,53,1.0,1,8,7,8469,8200,20,False
josedelporro XD ,h_0ohqkm9Vas0lG6ZQOCX-eu2kvYoft4X1W_xpLGlsVyetw,Nocturne,56,3.2,9,5,7,14687,14350,17,True
josedelporro XD ,h_0ohqkm9Vas0lG6ZQOCX-eu2kvYoft4X1W_xpLGlsVyetw,Nocturne,56,3.0,17,7,4,16858,15075,16,True
josedelporro XD ,h_0ohqkm9Vas0lG6ZQOCX-eu2kvYoft4X1W_xpLGlsVyetw,Nocturne,56,1.2222222222222223,9,9,2,13629,12650,25,True
josedelporro XD ,h_0ohqkm9Vas0lG6ZQOCX-eu2kvYoft4X1W_xpLGlsVyetw,Nocturne,56,21.0,13,1,8,16462,15100,19,True
josedelporro XD ,h_0ohqkm9Vas0lG6ZQOCX-eu2kvYoft4X1W_xpLGlsVyetw,Nocturne,56,3.8,10,5,9,13853,11975,24,True
josedelporro XD ,h_0ohqkm9Vas0lG6ZQOCX-eu2kvYoft4X1W_xpLGlsVyetw,Nocturne,56,17.0,11,1,6,13107,10325,26,True
josedelporro XD ,h_0ohqkm9Vas0lG6ZQOCX-eu2kvYoft4X1W_xpLGlsVyetw,Diana,131,1.3333333333333333,3,6,5,10886,10575,29,True
josedelporro XD ,h_0ohqkm9Vas0lG6ZQOCX-eu2kvYoft4X1W_xpLGlsVyetw,Diana,131,1.5,10,8,2,13373,11600,13,False
josedelporro XD ,h_0ohqkm9Vas0lG6ZQOCX-eu2kvYoft4X1W_xpLGlsVyetw,Diana,131,2.0,15,12,9,23353,19400,17,True
josedelporro XD ,h_0ohqkm9Vas0lG6ZQOCX-eu2kvYoft4X1W_xpLGlsVyetw,Diana,131,2.6666666666666665,4,3,4,10438,8800,16,True
josedelporro XD ,h_0ohqkm9Vas0lG6ZQOCX-eu2kvYoft4X1W_xpLGlsVyetw,Blitzcrank,53,3.8333333333333335,7,6,16,13788,12300,34,True
josedelporro XD ,h_0ohqkm9Vas0lG6ZQOCX-eu2kvYoft4X1W_xpLGlsVyetw,Kayn,141,0.0,0,0,0,500,500,0,True
josedelporro XD ,h_0ohqkm9Vas0lG6ZQOCX-eu2kvYoft4X1W_xpLGlsVyetw,Diana,131,1.5,8,10,7,11981,11800,15,False
josedelporro XD ,h_0ohqkm9Vas0lG6ZQOCX-eu2kvYoft4X1W_xpLGlsVyetw,Diana,131,12.0,7,1,5,14341,12500,24,True
josedelporro XD ,h_0ohqkm9Vas0lG6ZQOCX-eu2kvYoft4X1W_xpLGlsVyetw,Blitzcrank,53,1.8571428571428572,3,7,10,8703,7800,46,False
josedelporro XD ,h_0ohqkm9Vas0lG6ZQOCX-eu2kvYoft4X1W_xpLGlsVyetw,Yone,777,1.375,5,8,6,15540,15000,22,False
josedelporro XD ,h_0ohqkm9Vas0lG6ZQOCX-eu2kvYoft4X1W_xpLGlsVyetw,Nocturne,56,4.5,13,4,5,17262,15175,20,True
josedelporro XD ,h_0ohqkm9Vas0lG6ZQOCX-eu2kvYoft4X1W_xpLGlsVyetw,Diana,131,2.8333333333333335,11,6,6,18204,15550,45,True
josedelporro XD ,h_0ohqkm9Vas0lG6ZQOCX-eu2kvYoft4X1W_xpLGlsVyetw,Shaco,35,3.142857142857143,12,7,10,15707,15050,21,False
josedelporro XD ,h_0ohqkm9Vas0lG6ZQOCX-eu2kvYoft4X1W_xpLGlsVyetw,Diana,131,1.1111111111111112,8,9,2,12378,12035,7,False
josedelporro XD ,h_0ohqkm9Vas0lG6ZQOCX-eu2kvYoft4X1W_xpLGlsVyetw,Malphite,54,1.5,3,10,12,11135,11000,17,False
josedelporro XD ,h_0ohqkm9Vas0lG6ZQOCX-eu2kvYoft4X1W_xpLGlsVyetw,Nocturne,56,2.2,11,10,11,14854,14000,23,False
josedelporro XD ,h_0ohqkm9Vas0lG6ZQOCX-eu2kvYoft4X1W_xpLGlsVyetw,Caitlyn,51,2.375,9,8,10,18401,17950,16,False
josedelporro XD ,h_0ohqkm9Vas0lG6ZQOCX-eu2kvYoft4X1W_xpLGlsVyetw,Diana,131,3.6666666666666665,7,3,4,13531,12425,34,True
josedelporro XD ,h_0ohqkm9Vas0lG6ZQOCX-eu2kvYoft4X1W_xpLGlsVyetw,Nocturne,56,2.5714285714285716,7,7,11,13397,12900,19,True
josedelporro XD ,h_0ohqkm9Vas0lG6ZQOCX-eu2kvYoft4X1W_xpLGlsVyetw,Graves,104,0.75,1,4,2,4666,3800,5,False
josedelporro XD ,h_0ohqkm9Vas0lG6ZQOCX-eu2kvYoft4X1W_xpLGlsVyetw,Diana,131,7.5,8,2,7,14584,11600,22,True
josedelporro XD ,h_0ohqkm9Vas0lG6ZQOCX-eu2kvYoft4X1W_xpLGlsVyetw,Nocturne,56,3.4285714285714284,16,7,8,16109,15400,14,False
josedelporro XD ,h_0ohqkm9Vas0lG6ZQOCX-eu2kvYoft4X1W_xpLGlsVyetw,Caitlyn,51,2.125,8,8,9,14779,14800,9,False
josedelporro XD ,h_0ohqkm9Vas0lG6ZQOCX-eu2kvYoft4X1W_xpLGlsVyetw,Ezreal,81,0.6666666666666666,2,6,2,10738,10200,8,False
josedelporro XD ,h_0ohqkm9Vas0lG6ZQOCX-eu2kvYoft4X1W_xpLGlsVyetw,Brand,63,3.0,11,7,10,12819,11650,54,True
josedelporro XD ,h_0ohqkm9Vas0lG6ZQOCX-eu2kvYoft4X1W_xpLGlsVyetw,Viktor,112,3.0,6,5,9,13959,11900,20,True
josedelporro XD ,h_0ohqkm9Vas0lG6ZQOCX-eu2kvYoft4X1W_xpLGlsVyetw,Nasus,75,1.1111111111111112,2,9,8,9829,8633,13,False
josedelporro XD ,h_0ohqkm9Vas0lG6ZQOCX-eu2kvYoft4X1W_xpLGlsVyetw,Diana,131,2.4,16,10,8,19498,18100,24,True
josedelporro XD ,h_0ohqkm9Vas0lG6ZQOCX-eu2kvYoft4X1W_xpLGlsVyetw,Diana,131,11.0,7,1,4,9811,6285,16,True
josedelporro XD ,h_0ohqkm9Vas0lG6ZQOCX-eu2kvYoft4X1W_xpLGlsVyetw,Blitzcrank,53,2.7777777777777777,7,9,18,12356,10500,85,False
josedelporro XD ,h_0ohqkm9Vas0lG6ZQOCX-eu2kvYoft4X1W_xpLGlsVyetw,Caitlyn,51,2.2222222222222223,2,9,18,13895,13125,125,True
josedelporro XD ,h_0ohqkm9Vas0lG6ZQOCX-eu2kvYoft4X1W_xpLGlsVyetw,Diana,131,1.1666666666666667,2,6,5,10901,10725,20,False
josedelporro XD ,h_0ohqkm9Vas0lG6ZQOCX-eu2kvYoft4X1W_xpLGlsVyetw,Diana,131,3.5,16,6,5,18488,15850,27,True
josedelporro XD ,h_0ohqkm9Vas0lG6ZQOCX-eu2kvYoft4X1W_xpLGlsVyetw,XinZhao,5,2.375,14,8,5,15677,11950,16,True
josedelporro XD ,h_0ohqkm9Vas0lG6ZQOCX-eu2kvYoft4X1W_xpLGlsVyetw,Diana,131,3.0,12,7,9,17162,15400,22,False
AckermanPy,ZnJN2fjZkrZwWQ6YOk4Sa5l6tplj0PfFXbEsxGUEhyfcAg,Talon,91,2.0,10,7,4,12190,12610,19,True
AckermanPy,ZnJN2fjZkrZwWQ6YOk4Sa5l6tplj0PfFXbEsxGUEhyfcAg,Akali,84,1.1428571428571428,5,7,3,9469,9285,19,False
AckermanPy,ZnJN2fjZkrZwWQ6YOk4Sa5l6tplj0PfFXbEsxGUEhyfcAg,Akali,84,4.75,11,4,8,13026,12225,19,True
AckermanPy,ZnJN2fjZkrZwWQ6YOk4Sa5l6tplj0PfFXbEsxGUEhyfcAg,Akali,84,2.2,18,10,4,19400,18050,28,False
AckermanPy,ZnJN2fjZkrZwWQ6YOk4Sa5l6tplj0PfFXbEsxGUEhyfcAg,Sylas,517,2.8333333333333335,12,6,5,11205,11370,26,True
AckermanPy,ZnJN2fjZkrZwWQ6YOk4Sa5l6tplj0PfFXbEsxGUEhyfcAg,Akali,84,0.875,5,8,2,6743,6100,10,False
AckermanPy,ZnJN2fjZkrZwWQ6YOk4Sa5l6tplj0PfFXbEsxGUEhyfcAg,Yasuo,157,7.0,6,1,1,7038,5925,14,True
AckermanPy,ZnJN2fjZkrZwWQ6YOk4Sa5l6tplj0PfFXbEsxGUEhyfcAg,Akali,84,7.5,6,2,9,10944,9700,27,True
AckermanPy,ZnJN2fjZkrZwWQ6YOk4Sa5l6tplj0PfFXbEsxGUEhyfcAg,Akali,84,2.111111111111111,12,9,7,13596,13960,16,True
AckermanPy,ZnJN2fjZkrZwWQ6YOk4Sa5l6tplj0PfFXbEsxGUEhyfcAg,Yone,777,0.9090909090909091,5,11,5,9976,9725,22,False
AckermanPy,ZnJN2fjZkrZwWQ6YOk4Sa5l6tplj0PfFXbEsxGUEhyfcAg,Lux,99,1.0769230769230769,2,13,12,9724,9225,71,False
AckermanPy,ZnJN2fjZkrZwWQ6YOk4Sa5l6tplj0PfFXbEsxGUEhyfcAg,Yone,777,2.0,6,5,4,7260,6450,7,True
AckermanPy,ZnJN2fjZkrZwWQ6YOk4Sa5l6tplj0PfFXbEsxGUEhyfcAg,Akali,84,0.0,0,0,0,504,500,0,False
AckermanPy,ZnJN2fjZkrZwWQ6YOk4Sa5l6tplj0PfFXbEsxGUEhyfcAg,Sylas,517,4.333333333333333,13,6,13,14257,13200,14,True
AckermanPy,ZnJN2fjZkrZwWQ6YOk4Sa5l6tplj0PfFXbEsxGUEhyfcAg,Akali,84,1.5,5,6,4,8790,9000,15,False
AckermanPy,ZnJN2fjZkrZwWQ6YOk4Sa5l6tplj0PfFXbEsxGUEhyfcAg,Riven,92,0.75,2,8,4,8762,8150,12,False
AckermanPy,ZnJN2fjZkrZwWQ6YOk4Sa5l6tplj0PfFXbEsxGUEhyfcAg,Yasuo,157,1.0909090909090908,9,11,3,16207,15830,18,False
AckermanPy,ZnJN2fjZkrZwWQ6YOk4Sa5l6tplj0PfFXbEsxGUEhyfcAg,Leblanc,7,0.5714285714285714,1,7,3,6383,5575,9,False
AckermanPy,ZnJN2fjZkrZwWQ6YOk4Sa5l6tplj0PfFXbEsxGUEhyfcAg,Akali,84,4.25,12,4,5,13047,12860,29,True
AckermanPy,ZnJN2fjZkrZwWQ6YOk4Sa5l6tplj0PfFXbEsxGUEhyfcAg,Mordekaiser,82,5.333333333333333,6,3,10,11447,11110,12,True
AckermanPy,ZnJN2fjZkrZwWQ6YOk4Sa5l6tplj0PfFXbEsxGUEhyfcAg,Riven,92,0.0,0,5,0,4010,1875,8,False
AckermanPy,ZnJN2fjZkrZwWQ6YOk4Sa5l6tplj0PfFXbEsxGUEhyfcAg,Viego,234,0.0,0,0,0,500,0,0,False
AckermanPy,ZnJN2fjZkrZwWQ6YOk4Sa5l6tplj0PfFXbEsxGUEhyfcAg,Akali,84,0.0,0,0,0,500,0,0,False
AckermanPy,ZnJN2fjZkrZwWQ6YOk4Sa5l6tplj0PfFXbEsxGUEhyfcAg,Heimerdinger,74,0.8,1,10,7,6156,5535,29,False
AckermanPy,ZnJN2fjZkrZwWQ6YOk4Sa5l6tplj0PfFXbEsxGUEhyfcAg,Sylas,517,2.5,2,2,3,4820,3260,8,True
AckermanPy,ZnJN2fjZkrZwWQ6YOk4Sa5l6tplj0PfFXbEsxGUEhyfcAg,Yone,777,1.3333333333333333,8,9,4,13684,12725,19,False
AckermanPy,ZnJN2fjZkrZwWQ6YOk4Sa5l6tplj0PfFXbEsxGUEhyfcAg,Vex,711,0.2857142857142857,1,7,1,5966,5550,11,False
AckermanPy,ZnJN2fjZkrZwWQ6YOk4Sa5l6tplj0PfFXbEsxGUEhyfcAg,Olaf,2,14.0,6,1,8,11746,10350,23,True
AckermanPy,ZnJN2fjZkrZwWQ6YOk4Sa5l6tplj0PfFXbEsxGUEhyfcAg,Vex,711,1.8,3,5,6,7766,6885,13,True
AckermanPy,ZnJN2fjZkrZwWQ6YOk4Sa5l6tplj0PfFXbEsxGUEhyfcAg,Shaco,35,0.6363636363636364,3,11,4,7377,7035,20,False
AckermanPy,ZnJN2fjZkrZwWQ6YOk4Sa5l6tplj0PfFXbEsxGUEhyfcAg,Blitzcrank,53,1.25,1,4,4,5310,4250,19,False
AckermanPy,ZnJN2fjZkrZwWQ6YOk4Sa5l6tplj0PfFXbEsxGUEhyfcAg,Morgana,25,1.5384615384615385,4,13,16,11976,11550,31,False
AckermanPy,ZnJN2fjZkrZwWQ6YOk4Sa5l6tplj0PfFXbEsxGUEhyfcAg,Blitzcrank,53,2.0,3,10,17,10856,10450,70,True
AckermanPy,ZnJN2fjZkrZwWQ6YOk4Sa5l6tplj0PfFXbEsxGUEhyfcAg,Corki,42,2.857142857142857,9,7,11,13842,11950,14,True
AckermanPy,ZnJN2fjZkrZwWQ6YOk4Sa5l6tplj0PfFXbEsxGUEhyfcAg,Corki,42,1.1818181818181819,7,11,6,9564,9075,9,False
AckermanPy,ZnJN2fjZkrZwWQ6YOk4Sa5l6tplj0PfFXbEsxGUEhyfcAg,LeeSin,64,2.4,13,10,11,16501,15075,28,True
AckermanPy,ZnJN2fjZkrZwWQ6YOk4Sa5l6tplj0PfFXbEsxGUEhyfcAg,Corki,42,5.0,4,2,6,8685,7450,7,True
AckermanPy,ZnJN2fjZkrZwWQ6YOk4Sa5l6tplj0PfFXbEsxGUEhyfcAg,Corki,42,1.4615384615384615,11,13,8,18554,21240,35,True
AckermanPy,ZnJN2fjZkrZwWQ6YOk4Sa5l6tplj0PfFXbEsxGUEhyfcAg,Corki,42,1.3846153846153846,11,13,7,15655,14860,18,True
AckermanPy,ZnJN2fjZkrZwWQ6YOk4Sa5l6tplj0PfFXbEsxGUEhyfcAg,Malphite,54,0.875,0,8,7,7402,6950,14,False
AckermanPy,ZnJN2fjZkrZwWQ6YOk4Sa5l6tplj0PfFXbEsxGUEhyfcAg,Jayce,126,1.4285714285714286,8,7,2,10929,11025,16,False
AckermanPy,ZnJN2fjZkrZwWQ6YOk4Sa5l6tplj0PfFXbEsxGUEhyfcAg,Camille,164,1.6,8,10,8,11446,10525,23,False
AckermanPy,ZnJN2fjZkrZwWQ6YOk4Sa5l6tplj0PfFXbEsxGUEhyfcAg,Camille,164,1.0,1,0,0,1209,500,0,False
AckermanPy,ZnJN2fjZkrZwWQ6YOk4Sa5l6tplj0PfFXbEsxGUEhyfcAg,Irelia,39,0.0,0,6,0,5032,4875,7,False
AckermanPy,ZnJN2fjZkrZwWQ6YOk4Sa5l6tplj0PfFXbEsxGUEhyfcAg,Sylas,517,0.6153846153846154,5,13,3,8190,7510,18,False
AckermanPy,ZnJN2fjZkrZwWQ6YOk4Sa5l6tplj0PfFXbEsxGUEhyfcAg,Blitzcrank,53,1.0,2,14,12,8408,7625,42,True
AckermanPy,ZnJN2fjZkrZwWQ6YOk4Sa5l6tplj0PfFXbEsxGUEhyfcAg,Talon,91,3.111111111111111,19,9,9,15255,14175,22,True
AckermanPy,ZnJN2fjZkrZwWQ6YOk4Sa5l6tplj0PfFXbEsxGUEhyfcAg,Akali,84,1.9166666666666667,18,12,5,14817,14210,19,False
AckermanPy,ZnJN2fjZkrZwWQ6YOk4Sa5l6tplj0PfFXbEsxGUEhyfcAg,Graves,104,2.272727272727273,13,11,12,17439,17810,28,False
AckermanPy,ZnJN2fjZkrZwWQ6YOk4Sa5l6tplj0PfFXbEsxGUEhyfcAg,Vex,711,0.8461538461538461,6,13,5,10497,10450,19,False
ShootingMachine,dAtXlKXKyr_PkePNrFCpRBpquQt4nB0K-82UFtzIWpW7uIw,Jhin,202,2.125,8,8,9,12657,11825,25,True
ShootingMachine,dAtXlKXKyr_PkePNrFCpRBpquQt4nB0K-82UFtzIWpW7uIw,Kaisa,145,3.857142857142857,16,7,11,17125,15200,24,True
ShootingMachine,dAtXlKXKyr_PkePNrFCpRBpquQt4nB0K-82UFtzIWpW7uIw,Jhin,202,1.3,8,10,5,15525,14550,24,True
ShootingMachine,dAtXlKXKyr_PkePNrFCpRBpquQt4nB0K-82UFtzIWpW7uIw,Jhin,202,2.25,10,8,8,11217,9650,16,True
ShootingMachine,dAtXlKXKyr_PkePNrFCpRBpquQt4nB0K-82UFtzIWpW7uIw,Katarina,55,0.7777777777777778,6,9,1,10604,10200,27,False
ShootingMachine,dAtXlKXKyr_PkePNrFCpRBpquQt4nB0K-82UFtzIWpW7uIw,LeeSin,64,1.2307692307692308,8,13,8,13363,13300,39,False
ShootingMachine,dAtXlKXKyr_PkePNrFCpRBpquQt4nB0K-82UFtzIWpW7uIw,Katarina,55,6.0,8,2,4,9841,9735,14,True
ShootingMachine,dAtXlKXKyr_PkePNrFCpRBpquQt4nB0K-82UFtzIWpW7uIw,Jhin,202,0.8333333333333334,1,6,4,7829,7800,19,False
ShootingMachine,dAtXlKXKyr_PkePNrFCpRBpquQt4nB0K-82UFtzIWpW7uIw,Jhin,202,2.1818181818181817,12,11,12,20165,18000,54,True
ShootingMachine,dAtXlKXKyr_PkePNrFCpRBpquQt4nB0K-82UFtzIWpW7uIw,Twitch,29,1.75,16,12,5,17532,15425,46,False
ShootingMachine,dAtXlKXKyr_PkePNrFCpRBpquQt4nB0K-82UFtzIWpW7uIw,JarvanIV,59,2.0,5,9,13,11592,10475,28,True
ShootingMachine,dAtXlKXKyr_PkePNrFCpRBpquQt4nB0K-82UFtzIWpW7uIw,Tristana,18,0.8181818181818182,5,11,4,13014,12655,26,False
ShootingMachine,dAtXlKXKyr_PkePNrFCpRBpquQt4nB0K-82UFtzIWpW7uIw,Jhin,202,19.0,9,1,10,12998,11750,25,True
ShootingMachine,dAtXlKXKyr_PkePNrFCpRBpquQt4nB0K-82UFtzIWpW7uIw,Mordekaiser,82,3.0,10,8,14,16328,14750,51,True
ShootingMachine,dAtXlKXKyr_PkePNrFCpRBpquQt4nB0K-82UFtzIWpW7uIw,Jax,24,1.6,12,10,4,19274,19275,42,False
ShootingMachine,dAtXlKXKyr_PkePNrFCpRBpquQt4nB0K-82UFtzIWpW7uIw,Jax,24,1.6363636363636365,11,11,7,14707,14825,16,True
ShootingMachine,dAtXlKXKyr_PkePNrFCpRBpquQt4nB0K-82UFtzIWpW7uIw,Jax,24,2.142857142857143,9,7,6,13402,11525,31,True
ShootingMachine,dAtXlKXKyr_PkePNrFCpRBpquQt4nB0K-82UFtzIWpW7uIw,Ekko,245,1.2857142857142858,3,7,6,10054,9650,27,False
ShootingMachine,dAtXlKXKyr_PkePNrFCpRBpquQt4nB0K-82UFtzIWpW7uIw,Thresh,412,4.833333333333333,3,6,26,10572,9775,61,True
ShootingMachine,dAtXlKXKyr_PkePNrFCpRBpquQt4nB0K-82UFtzIWpW7uIw,Tristana,18,0.8333333333333334,3,6,2,10478,10150,31,False
ShootingMachine,dAtXlKXKyr_PkePNrFCpRBpquQt4nB0K-82UFtzIWpW7uIw,Ahri,103,1.0,4,8,4,9185,8100,32,False
ShootingMachine,dAtXlKXKyr_PkePNrFCpRBpquQt4nB0K-82UFtzIWpW7uIw,Jhin,202,1.5,6,6,3,7845,5750,10,True
ShootingMachine,dAtXlKXKyr_PkePNrFCpRBpquQt4nB0K-82UFtzIWpW7uIw,Irelia,39,1.1818181818181819,4,11,9,11346,10450,19,True
ShootingMachine,dAtXlKXKyr_PkePNrFCpRBpquQt4nB0K-82UFtzIWpW7uIw,Tristana,18,1.5833333333333333,13,12,6,15753,17130,26,False
ShootingMachine,dAtXlKXKyr_PkePNrFCpRBpquQt4nB0K-82UFtzIWpW7uIw,Lux,99,1.3333333333333333,3,6,5,8626,8550,22,False
ShootingMachine,dAtXlKXKyr_PkePNrFCpRBpquQt4nB0K-82UFtzIWpW7uIw,MissFortune,21,0.8461538461538461,4,13,7,14018,13275,58,False
ShootingMachine,dAtXlKXKyr_PkePNrFCpRBpquQt4nB0K-82UFtzIWpW7uIw,Blitzcrank,53,2.0,2,13,24,12848,12975,124,False
ShootingMachine,dAtXlKXKyr_PkePNrFCpRBpquQt4nB0K-82UFtzIWpW7uIw,Jhin,202,2.6,4,5,9,12765,11725,21,True
ShootingMachine,dAtXlKXKyr_PkePNrFCpRBpquQt4nB0K-82UFtzIWpW7uIw,Nautilus,111,1.7,0,10,17,11353,9750,110,True
ShootingMachine,dAtXlKXKyr_PkePNrFCpRBpquQt4nB0K-82UFtzIWpW7uIw,Jinx,222,0.3333333333333333,1,6,1,3938,3800,4,False
ShootingMachine,dAtXlKXKyr_PkePNrFCpRBpquQt4nB0K-82UFtzIWpW7uIw,Jhin,202,2.25,5,4,4,9204,8700,14,False
ShootingMachine,dAtXlKXKyr_PkePNrFCpRBpquQt4nB0K-82UFtzIWpW7uIw,Tristana,18,3.0,12,5,3,14625,13000,14,True
ShootingMachine,dAtXlKXKyr_PkePNrFCpRBpquQt4nB0K-82UFtzIWpW7uIw,MissFortune,21,8.0,15,3,9,12680,10450,14,True
ShootingMachine,dAtXlKXKyr_PkePNrFCpRBpquQt4nB0K-82UFtzIWpW7uIw,Jhin,202,2.6363636363636362,9,11,20,14226,13800,19,True
ShootingMachine,dAtXlKXKyr_PkePNrFCpRBpquQt4nB0K-82UFtzIWpW7uIw,Kaisa,145,1.6666666666666667,3,3,2,6218,5000,6,True
ShootingMachine,dAtXlKXKyr_PkePNrFCpRBpquQt4nB0K-82UFtzIWpW7uIw,MissFortune,21,16.0,7,1,9,11195,9650,19,True
ShootingMachine,dAtXlKXKyr_PkePNrFCpRBpquQt4nB0K-82UFtzIWpW7uIw,Tristana,18,0.8571428571428571,5,7,1,12411,11580,20,False
ShootingMachine,dAtXlKXKyr_PkePNrFCpRBpquQt4nB0K-82UFtzIWpW7uIw,Katarina,55,3.0,10,7,11,15553,14700,27,True
ShootingMachine,dAtXlKXKyr_PkePNrFCpRBpquQt4nB0K-82UFtzIWpW7uIw,Jhin,202,1.8333333333333333,4,6,7,11859,11750,28,False
ShootingMachine,dAtXlKXKyr_PkePNrFCpRBpquQt4nB0K-82UFtzIWpW7uIw,Jhin,202,1.0,2,6,4,8763,8275,16,False
ShootingMachine,dAtXlKXKyr_PkePNrFCpRBpquQt4nB0K-82UFtzIWpW7uIw,Kaisa,145,0.4,2,10,2,10891,10625,28,False
ShootingMachine,dAtXlKXKyr_PkePNrFCpRBpquQt4nB0K-82UFtzIWpW7uIw,Jhin,202,4.0,7,3,5,10064,8275,22,True
ShootingMachine,dAtXlKXKyr_PkePNrFCpRBpquQt4nB0K-82UFtzIWpW7uIw,Kaisa,145,4.5,9,2,0,7648,5375,10,True
ShootingMachine,dAtXlKXKyr_PkePNrFCpRBpquQt4nB0K-82UFtzIWpW7uIw,Kaisa,145,0.6666666666666666,3,6,1,6393,5600,9,True
ShootingMachine,dAtXlKXKyr_PkePNrFCpRBpquQt4nB0K-82UFtzIWpW7uIw,Twitch,29,1.1,4,10,7,13973,13880,17,False
ShootingMachine,dAtXlKXKyr_PkePNrFCpRBpquQt4nB0K-82UFtzIWpW7uIw,Kaisa,145,1.8,13,10,5,19414,18075,27,True
ShootingMachine,dAtXlKXKyr_PkePNrFCpRBpquQt4nB0K-82UFtzIWpW7uIw,Twitch,29,2.2,4,5,7,11273,10125,27,True
ShootingMachine,dAtXlKXKyr_PkePNrFCpRBpquQt4nB0K-82UFtzIWpW7uIw,Fizz,105,1.5,6,10,9,11383,11225,20,False
ShootingMachine,dAtXlKXKyr_PkePNrFCpRBpquQt4nB0K-82UFtzIWpW7uIw,Jhin,202,3.0,8,5,7,13356,12850,20,False
ShootingMachine,dAtXlKXKyr_PkePNrFCpRBpquQt4nB0K-82UFtzIWpW7uIw,Kaisa,145,2.7142857142857144,9,7,10,12879,12425,13,True
V22 BuscoNovia,cJcI5ESVX4f3Ka0OS9WJ19u_iGATH9ZgqnuA1hMYuoWZ_ld8H7g4RcqfWg,FiddleSticks,9,3.5,3,4,11,9211,7950,105,True
V22 BuscoNovia,cJcI5ESVX4f3Ka0OS9WJ19u_iGATH9ZgqnuA1hMYuoWZ_ld8H7g4RcqfWg,Zilean,26,3.3333333333333335,0,3,10,7560,6310,89,False
V22 BuscoNovia,cJcI5ESVX4f3Ka0OS9WJ19u_iGATH9ZgqnuA1hMYuoWZ_ld8H7g4RcqfWg,FiddleSticks,9,1.4545454545454546,0,11,16,9545,8975,119,False
V22 BuscoNovia,cJcI5ESVX4f3Ka0OS9WJ19u_iGATH9ZgqnuA1hMYuoWZ_ld8H7g4RcqfWg,Twitch,29,1.25,3,8,7,12786,12325,31,False
V22 BuscoNovia,cJcI5ESVX4f3Ka0OS9WJ19u_iGATH9ZgqnuA1hMYuoWZ_ld8H7g4RcqfWg,Swain,50,2.2,4,10,18,10964,9610,81,False
V22 BuscoNovia,cJcI5ESVX4f3Ka0OS9WJ19u_iGATH9ZgqnuA1hMYuoWZ_ld8H7g4RcqfWg,Ziggs,115,1.6666666666666667,4,6,6,11499,11025,48,False
V22 BuscoNovia,cJcI5ESVX4f3Ka0OS9WJ19u_iGATH9ZgqnuA1hMYuoWZ_ld8H7g4RcqfWg,Zoe,142,2.111111111111111,0,9,19,9632,7750,75,True
V22 BuscoNovia,cJcI5ESVX4f3Ka0OS9WJ19u_iGATH9ZgqnuA1hMYuoWZ_ld8H7g4RcqfWg,FiddleSticks,9,6.5,2,2,11,7199,5950,64,True
V22 BuscoNovia,cJcI5ESVX4f3Ka0OS9WJ19u_iGATH9ZgqnuA1hMYuoWZ_ld8H7g4RcqfWg,FiddleSticks,9,2.7,7,10,20,12428,11235,71,True
V22 BuscoNovia,cJcI5ESVX4f3Ka0OS9WJ19u_iGATH9ZgqnuA1hMYuoWZ_ld8H7g4RcqfWg,Nunu,20,1.4736842105263157,7,19,21,14511,21005,89,True
V22 BuscoNovia,cJcI5ESVX4f3Ka0OS9WJ19u_iGATH9ZgqnuA1hMYuoWZ_ld8H7g4RcqfWg,Shaco,35,1.7777777777777777,7,9,9,10501,11985,51,False
V22 BuscoNovia,cJcI5ESVX4f3Ka0OS9WJ19u_iGATH9ZgqnuA1hMYuoWZ_ld8H7g4RcqfWg,Zed,238,1.0909090909090908,2,11,10,9747,8875,78,True
V22 BuscoNovia,cJcI5ESVX4f3Ka0OS9WJ19u_iGATH9ZgqnuA1hMYuoWZ_ld8H7g4RcqfWg,Galio,3,0.8,1,5,3,4580,4525,27,False
V22 BuscoNovia,cJcI5ESVX4f3Ka0OS9WJ19u_iGATH9ZgqnuA1hMYuoWZ_ld8H7g4RcqfWg,Zilean,26,7.25,1,4,28,11587,10775,86,True
V22 BuscoNovia,cJcI5ESVX4f3Ka0OS9WJ19u_iGATH9ZgqnuA1hMYuoWZ_ld8H7g4RcqfWg,Renata,888,3.75,1,4,14,8020,5800,47,True
V22 BuscoNovia,cJcI5ESVX4f3Ka0OS9WJ19u_iGATH9ZgqnuA1hMYuoWZ_ld8H7g4RcqfWg,Twitch,29,1.6666666666666667,6,6,4,9653,9200,59,True
V22 BuscoNovia,cJcI5ESVX4f3Ka0OS9WJ19u_iGATH9ZgqnuA1hMYuoWZ_ld8H7g4RcqfWg,FiddleSticks,9,1.6923076923076923,5,13,17,14436,11350,154,True
V22 BuscoNovia,cJcI5ESVX4f3Ka0OS9WJ19u_iGATH9ZgqnuA1hMYuoWZ_ld8H7g4RcqfWg,Ziggs,115,0.4444444444444444,1,9,3,6313,5350,11,False
V22 BuscoNovia,cJcI5ESVX4f3Ka0OS9WJ19u_iGATH9ZgqnuA1hMYuoWZ_ld8H7g4RcqfWg,Zoe,142,1.7692307692307692,9,13,14,11959,11850,67,True
V22 BuscoNovia,cJcI5ESVX4f3Ka0OS9WJ19u_iGATH9ZgqnuA1hMYuoWZ_ld8H7g4RcqfWg,FiddleSticks,9,3.6666666666666665,2,3,9,6413,6210,53,True
V22 BuscoNovia,cJcI5ESVX4f3Ka0OS9WJ19u_iGATH9ZgqnuA1hMYuoWZ_ld8H7g4RcqfWg,Zoe,142,3.6,6,5,12,9409,9375,80,False
V22 BuscoNovia,cJcI5ESVX4f3Ka0OS9WJ19u_iGATH9ZgqnuA1hMYuoWZ_ld8H7g4RcqfWg,Morgana,25,5.0,1,5,24,9540,8575,76,True
V22 BuscoNovia,cJcI5ESVX4f3Ka0OS9WJ19u_iGATH9ZgqnuA1hMYuoWZ_ld8H7g4RcqfWg,FiddleSticks,9,5.5,8,4,14,9902,8875,65,True
V22 BuscoNovia,cJcI5ESVX4f3Ka0OS9WJ19u_iGATH9ZgqnuA1hMYuoWZ_ld8H7g4RcqfWg,FiddleSticks,9,4.0,2,4,14,8391,7000,73,True
V22 BuscoNovia,cJcI5ESVX4f3Ka0OS9WJ19u_iGATH9ZgqnuA1hMYuoWZ_ld8H7g4RcqfWg,Zed,238,3.6,6,5,12,13236,13450,86,True
V22 BuscoNovia,cJcI5ESVX4f3Ka0OS9WJ19u_iGATH9ZgqnuA1hMYuoWZ_ld8H7g4RcqfWg,Morgana,25,0.0,0,0,0,614,500,1,False
V22 BuscoNovia,cJcI5ESVX4f3Ka0OS9WJ19u_iGATH9ZgqnuA1hMYuoWZ_ld8H7g4RcqfWg,FiddleSticks,9,4.8,12,5,12,13080,9825,60,True
V22 BuscoNovia,cJcI5ESVX4f3Ka0OS9WJ19u_iGATH9ZgqnuA1hMYuoWZ_ld8H7g4RcqfWg,Zed,238,3.0,6,4,6,9418,8775,54,True
V22 BuscoNovia,cJcI5ESVX4f3Ka0OS9WJ19u_iGATH9ZgqnuA1hMYuoWZ_ld8H7g4RcqfWg,Zed,238,1.0,1,1,0,2223,1075,7,True
V22 BuscoNovia,cJcI5ESVX4f3Ka0OS9WJ19u_iGATH9ZgqnuA1hMYuoWZ_ld8H7g4RcqfWg,Lulu,117,2.2857142857142856,1,7,15,7589,7150,56,False
V22 BuscoNovia,cJcI5ESVX4f3Ka0OS9WJ19u_iGATH9ZgqnuA1hMYuoWZ_ld8H7g4RcqfWg,Renata,888,8.5,3,2,14,8752,7460,51,True
V22 BuscoNovia,cJcI5ESVX4f3Ka0OS9WJ19u_iGATH9ZgqnuA1hMYuoWZ_ld8H7g4RcqfWg,Lissandra,127,7.0,2,0,5,5346,4300,31,True
V22 BuscoNovia,cJcI5ESVX4f3Ka0OS9WJ19u_iGATH9ZgqnuA1hMYuoWZ_ld8H7g4RcqfWg,Blitzcrank,53,1.3333333333333333,5,6,3,8416,6700,33,False
V22 BuscoNovia,cJcI5ESVX4f3Ka0OS9WJ19u_iGATH9ZgqnuA1hMYuoWZ_ld8H7g4RcqfWg,Shaco,35,3.0,6,6,12,11476,10975,96,True
V22 BuscoNovia,cJcI5ESVX4f3Ka0OS9WJ19u_iGATH9ZgqnuA1hMYuoWZ_ld8H7g4RcqfWg,Zed,238,0.6363636363636364,4,11,3,8789,8050,53,False
V22 BuscoNovia,cJcI5ESVX4f3Ka0OS9WJ19u_iGATH9ZgqnuA1hMYuoWZ_ld8H7g4RcqfWg,Pyke,555,0.6666666666666666,5,15,5,9432,8975,50,False
V22 BuscoNovia,cJcI5ESVX4f3Ka0OS9WJ19u_iGATH9ZgqnuA1hMYuoWZ_ld8H7g4RcqfWg,FiddleSticks,9,3.6,8,5,10,10150,9200,62,True
V22 BuscoNovia,cJcI5ESVX4f3Ka0OS9WJ19u_iGATH9ZgqnuA1hMYuoWZ_ld8H7g4RcqfWg,FiddleSticks,9,3.5,7,6,14,10031,9060,79,True
V22 BuscoNovia,cJcI5ESVX4f3Ka0OS9WJ19u_iGATH9ZgqnuA1hMYuoWZ_ld8H7g4RcqfWg,Zed,238,3.142857142857143,6,7,16,11737,14250,103,False
V22 BuscoNovia,cJcI5ESVX4f3Ka0OS9WJ19u_iGATH9ZgqnuA1hMYuoWZ_ld8H7g4RcqfWg,Fizz,105,0.8333333333333334,5,12,5,10117,7950,68,False
V22 BuscoNovia,cJcI5ESVX4f3Ka0OS9WJ19u_iGATH9ZgqnuA1hMYuoWZ_ld8H7g4RcqfWg,Lissandra,127,0.0,0,0,0,500,500,0,False
V22 BuscoNovia,cJcI5ESVX4f3Ka0OS9WJ19u_iGATH9ZgqnuA1hMYuoWZ_ld8H7g4RcqfWg,Zed,238,8.0,5,1,3,6477,4925,33,True
V22 BuscoNovia,cJcI5ESVX4f3Ka0OS9WJ19u_iGATH9ZgqnuA1hMYuoWZ_ld8H7g4RcqfWg,Blitzcrank,53,2.142857142857143,7,7,8,8686,7625,47,True
V22 BuscoNovia,cJcI5ESVX4f3Ka0OS9WJ19u_iGATH9ZgqnuA1hMYuoWZ_ld8H7g4RcqfWg,Zoe,142,2.0,1,7,13,10604,10235,108,True
V22 BuscoNovia,cJcI5ESVX4f3Ka0OS9WJ19u_iGATH9ZgqnuA1hMYuoWZ_ld8H7g4RcqfWg,Gnar,150,5.25,10,4,11,12537,12308,17,True
V22 BuscoNovia,cJcI5ESVX4f3Ka0OS9WJ19u_iGATH9ZgqnuA1hMYuoWZ_ld8H7g4RcqfWg,FiddleSticks,9,20.0,11,0,9,9442,7775,56,True
V22 BuscoNovia,cJcI5ESVX4f3Ka0OS9WJ19u_iGATH9ZgqnuA1hMYuoWZ_ld8H7g4RcqfWg,Darius,122,0.75,1,4,2,5236,5025,38,False
V22 BuscoNovia,cJcI5ESVX4f3Ka0OS9WJ19u_iGATH9ZgqnuA1hMYuoWZ_ld8H7g4RcqfWg,Zed,238,1.5555555555555556,3,9,11,9754,9125,80,False
V22 BuscoNovia,cJcI5ESVX4f3Ka0OS9WJ19u_iGATH9ZgqnuA1hMYuoWZ_ld8H7g4RcqfWg,Rengar,107,3.0,9,5,6,10310,8625,60,True
V22 BuscoNovia,cJcI5ESVX4f3Ka0OS9WJ19u_iGATH9ZgqnuA1hMYuoWZ_ld8H7g4RcqfWg,Blitzcrank,53,1.5555555555555556,8,9,6,10706,9750,71,False
matiascba2,WyWxsHy_I-XSd29kBDF3zSKZSn3cxFb51Wg4_HUcAJYc6QjfMGIymJWhEg,Darius,122,0.0,0,6,0,9164,8925,17,False
matiascba2,WyWxsHy_I-XSd29kBDF3zSKZSn3cxFb51Wg4_HUcAJYc6QjfMGIymJWhEg,Teemo,17,5.666666666666667,8,3,9,11498,9350,32,True
matiascba2,WyWxsHy_I-XSd29kBDF3zSKZSn3cxFb51Wg4_HUcAJYc6QjfMGIymJWhEg,Nunu,20,3.5555555555555554,10,9,22,17786,13725,39,True
matiascba2,WyWxsHy_I-XSd29kBDF3zSKZSn3cxFb51Wg4_HUcAJYc6QjfMGIymJWhEg,Nunu,20,5.0,12,5,13,12660,9125,35,True
matiascba2,WyWxsHy_I-XSd29kBDF3zSKZSn3cxFb51Wg4_HUcAJYc6QjfMGIymJWhEg,Nunu,20,4.0,9,6,15,14763,13975,29,False
matiascba2,WyWxsHy_I-XSd29kBDF3zSKZSn3cxFb51Wg4_HUcAJYc6QjfMGIymJWhEg,Nunu,20,3.2222222222222223,17,9,12,18512,16225,50,False
matiascba2,WyWxsHy_I-XSd29kBDF3zSKZSn3cxFb51Wg4_HUcAJYc6QjfMGIymJWhEg,Ekko,245,2.6,18,10,8,18610,17150,29,True
matiascba2,WyWxsHy_I-XSd29kBDF3zSKZSn3cxFb51Wg4_HUcAJYc6QjfMGIymJWhEg,MissFortune,21,0.7777777777777778,2,9,5,11038,10700,29,False
matiascba2,WyWxsHy_I-XSd29kBDF3zSKZSn3cxFb51Wg4_HUcAJYc6QjfMGIymJWhEg,Veigar,45,1.75,6,8,8,12025,10700,25,False
matiascba2,WyWxsHy_I-XSd29kBDF3zSKZSn3cxFb51Wg4_HUcAJYc6QjfMGIymJWhEg,Kaisa,145,2.5714285714285716,10,7,8,17876,18450,35,False
matiascba2,WyWxsHy_I-XSd29kBDF3zSKZSn3cxFb51Wg4_HUcAJYc6QjfMGIymJWhEg,Ekko,245,6.0,6,1,0,6496,6500,12,True
matiascba2,WyWxsHy_I-XSd29kBDF3zSKZSn3cxFb51Wg4_HUcAJYc6QjfMGIymJWhEg,Kaisa,145,1.8181818181818181,15,11,5,14694,14200,28,False
matiascba2,WyWxsHy_I-XSd29kBDF3zSKZSn3cxFb51Wg4_HUcAJYc6QjfMGIymJWhEg,Shaco,35,2.6363636363636362,17,11,12,17447,15350,29,True
Keke Almeida,l2F0J3Hv-NwrpdvWpKdvMeV2UiSNeE_1nIz46CNdDLrviQ,Khazix,121,1.5555555555555556,11,9,3,13095,12975,41,False
Keke Almeida,l2F0J3Hv-NwrpdvWpKdvMeV2UiSNeE_1nIz46CNdDLrviQ,Khazix,121,3.0,6,7,15,14311,13000,48,True
Keke Almeida,l2F0J3Hv-NwrpdvWpKdvMeV2UiSNeE_1nIz46CNdDLrviQ,Khazix,121,5.75,11,4,12,17109,16300,32,True
Keke Almeida,l2F0J3Hv-NwrpdvWpKdvMeV2UiSNeE_1nIz46CNdDLrviQ,Evelynn,28,5.5,14,4,8,15780,14815,38,True
Keke Almeida,l2F0J3Hv-NwrpdvWpKdvMeV2UiSNeE_1nIz46CNdDLrviQ,Khazix,121,7.0,9,2,5,12068,11300,27,True
Keke Almeida,l2F0J3Hv-NwrpdvWpKdvMeV2UiSNeE_1nIz46CNdDLrviQ,Viego,234,1.5555555555555556,9,9,5,12193,12218,21,False
Keke Almeida,l2F0J3Hv-NwrpdvWpKdvMeV2UiSNeE_1nIz46CNdDLrviQ,Naafiri,950,1.0,4,6,2,8040,6825,19,False
Keke Almeida,l2F0J3Hv-NwrpdvWpKdvMeV2UiSNeE_1nIz46CNdDLrviQ,Naafiri,950,3.1666666666666665,11,6,8,14611,13010,35,True
Keke Almeida,l2F0J3Hv-NwrpdvWpKdvMeV2UiSNeE_1nIz46CNdDLrviQ,Viego,234,0.8888888888888888,5,9,3,11755,11433,44,False
Keke Almeida,l2F0J3Hv-NwrpdvWpKdvMeV2UiSNeE_1nIz46CNdDLrviQ,Evelynn,28,1.6666666666666667,5,6,5,9892,9400,9,False
Keke Almeida,l2F0J3Hv-NwrpdvWpKdvMeV2UiSNeE_1nIz46CNdDLrviQ,Viego,234,1.625,6,8,7,13213,12658,35,False
Keke Almeida,l2F0J3Hv-NwrpdvWpKdvMeV2UiSNeE_1nIz46CNdDLrviQ,JarvanIV,59,2.0,2,2,2,5337,4600,12,False
Keke Almeida,l2F0J3Hv-NwrpdvWpKdvMeV2UiSNeE_1nIz46CNdDLrviQ,JarvanIV,59,6.2,16,5,15,17960,16300,32,True
Keke Almeida,l2F0J3Hv-NwrpdvWpKdvMeV2UiSNeE_1nIz46CNdDLrviQ,Naafiri,950,0.0,0,0,0,500,500,1,False
Keke Almeida,l2F0J3Hv-NwrpdvWpKdvMeV2UiSNeE_1nIz46CNdDLrviQ,Quinn,133,0.6,4,10,2,9155,8100,29,False
Keke Almeida,l2F0J3Hv-NwrpdvWpKdvMeV2UiSNeE_1nIz46CNdDLrviQ,Quinn,133,1.1,4,10,7,9380,9050,33,False
Keke Almeida,l2F0J3Hv-NwrpdvWpKdvMeV2UiSNeE_1nIz46CNdDLrviQ,Malphite,54,11.0,9,2,13,10989,10675,28,True
Keke Almeida,l2F0J3Hv-NwrpdvWpKdvMeV2UiSNeE_1nIz46CNdDLrviQ,Quinn,133,1.7142857142857142,4,7,8,11624,11190,24,True
Keke Almeida,l2F0J3Hv-NwrpdvWpKdvMeV2UiSNeE_1nIz46CNdDLrviQ,Singed,27,1.2,3,10,9,12088,11460,30,True
Keke Almeida,l2F0J3Hv-NwrpdvWpKdvMeV2UiSNeE_1nIz46CNdDLrviQ,Sion,14,1.6,3,5,5,11331,10925,23,True
Keke Almeida,l2F0J3Hv-NwrpdvWpKdvMeV2UiSNeE_1nIz46CNdDLrviQ,Quinn,133,0.5,2,8,2,9047,8480,20,False
Keke Almeida,l2F0J3Hv-NwrpdvWpKdvMeV2UiSNeE_1nIz46CNdDLrviQ,Quinn,133,3.25,4,4,9,12502,11645,28,True
Keke Almeida,l2F0J3Hv-NwrpdvWpKdvMeV2UiSNeE_1nIz46CNdDLrviQ,Quinn,133,2.6153846153846154,21,13,13,25157,25700,30,True
Keke Almeida,l2F0J3Hv-NwrpdvWpKdvMeV2UiSNeE_1nIz46CNdDLrviQ,Quinn,133,1.0,4,4,0,7370,7025,11,False
Keke Almeida,l2F0J3Hv-NwrpdvWpKdvMeV2UiSNeE_1nIz46CNdDLrviQ,Irelia,39,1.0,2,9,7,12907,12955,39,True
Keke Almeida,l2F0J3Hv-NwrpdvWpKdvMeV2UiSNeE_1nIz46CNdDLrviQ,Quinn,133,2.8333333333333335,13,6,4,16159,13900,52,True
Keke Almeida,l2F0J3Hv-NwrpdvWpKdvMeV2UiSNeE_1nIz46CNdDLrviQ,Irelia,39,1.6666666666666667,8,6,2,14619,13500,17,True
Keke Almeida,l2F0J3Hv-NwrpdvWpKdvMeV2UiSNeE_1nIz46CNdDLrviQ,Pantheon,80,2.8,8,5,6,12854,12575,22,True
Keke Almeida,l2F0J3Hv-NwrpdvWpKdvMeV2UiSNeE_1nIz46CNdDLrviQ,Nasus,75,0.7777777777777778,3,9,4,11381,11325,27,False
Keke Almeida,l2F0J3Hv-NwrpdvWpKdvMeV2UiSNeE_1nIz46CNdDLrviQ,Quinn,133,1.4166666666666667,11,12,6,17082,15700,28,False
Keke Almeida,l2F0J3Hv-NwrpdvWpKdvMeV2UiSNeE_1nIz46CNdDLrviQ,Quinn,133,4.0,1,2,7,8150,7125,19,True
Keke Almeida,l2F0J3Hv-NwrpdvWpKdvMeV2UiSNeE_1nIz46CNdDLrviQ,Quinn,133,3.125,22,8,3,18029,17240,43,True
Keke Almeida,l2F0J3Hv-NwrpdvWpKdvMeV2UiSNeE_1nIz46CNdDLrviQ,Quinn,133,1.0,1,1,0,2475,1875,2,True
Keke Almeida,l2F0J3Hv-NwrpdvWpKdvMeV2UiSNeE_1nIz46CNdDLrviQ,Quinn,133,3.5,18,6,3,17219,16130,27,True
Keke Almeida,l2F0J3Hv-NwrpdvWpKdvMeV2UiSNeE_1nIz46CNdDLrviQ,Quinn,133,2.6,7,5,6,12316,11550,13,True
Keke Almeida,l2F0J3Hv-NwrpdvWpKdvMeV2UiSNeE_1nIz46CNdDLrviQ,Quinn,133,1.2777777777777777,11,18,12,15220,14310,42,True
Keke Almeida,l2F0J3Hv-NwrpdvWpKdvMeV2UiSNeE_1nIz46CNdDLrviQ,Rengar,107,0.6153846153846154,5,13,3,10470,9800,27,False
Keke Almeida,l2F0J3Hv-NwrpdvWpKdvMeV2UiSNeE_1nIz46CNdDLrviQ,Evelynn,28,0.8,7,10,1,9263,9275,17,False
Keke Almeida,l2F0J3Hv-NwrpdvWpKdvMeV2UiSNeE_1nIz46CNdDLrviQ,Khazix,121,0.8,2,5,2,6131,5725,14,False
Keke Almeida,l2F0J3Hv-NwrpdvWpKdvMeV2UiSNeE_1nIz46CNdDLrviQ,Rammus,33,3.0,4,6,14,9396,8700,15,True
Keke Almeida,l2F0J3Hv-NwrpdvWpKdvMeV2UiSNeE_1nIz46CNdDLrviQ,Kayn,141,2.5714285714285716,7,7,11,14479,13525,40,True
Keke Almeida,l2F0J3Hv-NwrpdvWpKdvMeV2UiSNeE_1nIz46CNdDLrviQ,Kayn,141,9.5,9,2,10,14983,13480,27,True
Keke Almeida,l2F0J3Hv-NwrpdvWpKdvMeV2UiSNeE_1nIz46CNdDLrviQ,Kayn,141,4.75,6,4,13,14838,11725,38,True
Keke Almeida,l2F0J3Hv-NwrpdvWpKdvMeV2UiSNeE_1nIz46CNdDLrviQ,Evelynn,28,0.5384615384615384,6,13,1,8765,8035,14,False
Keke Almeida,l2F0J3Hv-NwrpdvWpKdvMeV2UiSNeE_1nIz46CNdDLrviQ,Khazix,121,6.0,5,1,1,8707,7875,27,True
Keke Almeida,l2F0J3Hv-NwrpdvWpKdvMeV2UiSNeE_1nIz46CNdDLrviQ,Evelynn,28,1.25,2,4,3,4764,4310,10,False
Keke Almeida,l2F0J3Hv-NwrpdvWpKdvMeV2UiSNeE_1nIz46CNdDLrviQ,Evelynn,28,1.25,3,8,7,9491,9175,13,False
Keke Almeida,l2F0J3Hv-NwrpdvWpKdvMeV2UiSNeE_1nIz46CNdDLrviQ,Evelynn,28,1.5,10,8,2,11037,10650,23,False
Keke Almeida,l2F0J3Hv-NwrpdvWpKdvMeV2UiSNeE_1nIz46CNdDLrviQ,Evelynn,28,6.333333333333333,9,3,10,12092,10660,22,True
Keke Almeida,l2F0J3Hv-NwrpdvWpKdvMeV2UiSNeE_1nIz46CNdDLrviQ,XinZhao,5,0.42857142857142855,1,7,2,9587,9300,22,False
Josefers,v6MZX82II9D_xF6V4SLDy1BkRGcRRz_Kdzffjp-yvFMTyWs,Ahri,103,1.8333333333333333,6,6,5,12878,12250,21,False
Josefers,v6MZX82II9D_xF6V4SLDy1BkRGcRRz_Kdzffjp-yvFMTyWs,Syndra,134,1.3,5,10,8,13117,12735,27,True
Josefers,v6MZX82II9D_xF6V4SLDy1BkRGcRRz_Kdzffjp-yvFMTyWs,Syndra,134,2.142857142857143,10,7,5,13897,13670,20,False
Josefers,v6MZX82II9D_xF6V4SLDy1BkRGcRRz_Kdzffjp-yvFMTyWs,Yone,777,1.0,5,10,5,14088,13730,19,True
Josefers,v6MZX82II9D_xF6V4SLDy1BkRGcRRz_Kdzffjp-yvFMTyWs,Caitlyn,51,3.0,8,6,10,16924,14550,23,True
Josefers,v6MZX82II9D_xF6V4SLDy1BkRGcRRz_Kdzffjp-yvFMTyWs,Syndra,134,4.0,15,5,5,15578,12375,31,True
Josefers,v6MZX82II9D_xF6V4SLDy1BkRGcRRz_Kdzffjp-yvFMTyWs,Caitlyn,51,2.8,11,5,3,15682,14950,13,True
Josefers,v6MZX82II9D_xF6V4SLDy1BkRGcRRz_Kdzffjp-yvFMTyWs,Irelia,39,2.1,11,10,10,17268,16300,42,True
Josefers,v6MZX82II9D_xF6V4SLDy1BkRGcRRz_Kdzffjp-yvFMTyWs,Syndra,134,2.4,3,5,9,10840,8710,21,True
Josefers,v6MZX82II9D_xF6V4SLDy1BkRGcRRz_Kdzffjp-yvFMTyWs,Kaisa,145,2.0,9,8,7,16248,14700,31,False
Josefers,v6MZX82II9D_xF6V4SLDy1BkRGcRRz_Kdzffjp-yvFMTyWs,Irelia,39,0.6,4,10,2,15902,16110,28,False
Josefers,v6MZX82II9D_xF6V4SLDy1BkRGcRRz_Kdzffjp-yvFMTyWs,Irelia,39,1.5,7,6,2,16129,15205,28,True
Josefers,v6MZX82II9D_xF6V4SLDy1BkRGcRRz_Kdzffjp-yvFMTyWs,Irelia,39,1.375,6,8,5,13568,11800,19,True
Josefers,v6MZX82II9D_xF6V4SLDy1BkRGcRRz_Kdzffjp-yvFMTyWs,Syndra,134,2.4444444444444446,9,9,13,15128,14370,39,False
Josefers,v6MZX82II9D_xF6V4SLDy1BkRGcRRz_Kdzffjp-yvFMTyWs,Evelynn,28,8.0,4,1,4,10496,8525,28,True
Josefers,v6MZX82II9D_xF6V4SLDy1BkRGcRRz_Kdzffjp-yvFMTyWs,Syndra,134,1.3333333333333333,4,6,4,13152,12275,22,False
Josefers,v6MZX82II9D_xF6V4SLDy1BkRGcRRz_Kdzffjp-yvFMTyWs,Syndra,134,1.0,1,0,0,2075,500,1,True
Josefers,v6MZX82II9D_xF6V4SLDy1BkRGcRRz_Kdzffjp-yvFMTyWs,Syndra,134,2.5,11,6,4,14809,14825,19,True
Josefers,v6MZX82II9D_xF6V4SLDy1BkRGcRRz_Kdzffjp-yvFMTyWs,Akali,84,1.0,4,6,2,9705,9360,24,False
Josefers,v6MZX82II9D_xF6V4SLDy1BkRGcRRz_Kdzffjp-yvFMTyWs,Irelia,39,0.7142857142857143,3,7,2,9254,9175,16,False
Josefers,v6MZX82II9D_xF6V4SLDy1BkRGcRRz_Kdzffjp-yvFMTyWs,Kaisa,145,5.2,20,5,6,18914,17110,31,True
Josefers,v6MZX82II9D_xF6V4SLDy1BkRGcRRz_Kdzffjp-yvFMTyWs,Syndra,134,1.1818181818181819,8,11,5,17585,17400,42,False
Josefers,v6MZX82II9D_xF6V4SLDy1BkRGcRRz_Kdzffjp-yvFMTyWs,Irelia,39,6.0,9,3,9,14010,11850,7,True
Josefers,v6MZX82II9D_xF6V4SLDy1BkRGcRRz_Kdzffjp-yvFMTyWs,Viktor,112,0.6,6,10,0,8841,8250,14,False
Josefers,v6MZX82II9D_xF6V4SLDy1BkRGcRRz_Kdzffjp-yvFMTyWs,Viktor,112,1.1428571428571428,2,7,6,10999,10685,37,False
Josefers,v6MZX82II9D_xF6V4SLDy1BkRGcRRz_Kdzffjp-yvFMTyWs,Kaisa,145,0.9090909090909091,7,11,3,13956,11880,27,False
Josefers,v6MZX82II9D_xF6V4SLDy1BkRGcRRz_Kdzffjp-yvFMTyWs,Kaisa,145,4.333333333333333,7,3,6,11537,8300,14,True
Josefers,v6MZX82II9D_xF6V4SLDy1BkRGcRRz_Kdzffjp-yvFMTyWs,Caitlyn,51,2.625,15,8,6,17379,15375,16,False
Josefers,v6MZX82II9D_xF6V4SLDy1BkRGcRRz_Kdzffjp-yvFMTyWs,Neeko,518,1.5,2,8,10,9803,9225,22,False
Josefers,v6MZX82II9D_xF6V4SLDy1BkRGcRRz_Kdzffjp-yvFMTyWs,Ahri,103,1.2222222222222223,3,9,8,9229,9395,22,False
Josefers,v6MZX82II9D_xF6V4SLDy1BkRGcRRz_Kdzffjp-yvFMTyWs,Kaisa,145,1.2,6,10,6,15543,15375,30,False
Josefers,v6MZX82II9D_xF6V4SLDy1BkRGcRRz_Kdzffjp-yvFMTyWs,Kaisa,145,3.8333333333333335,15,6,8,17860,15925,26,True
Josefers,v6MZX82II9D_xF6V4SLDy1BkRGcRRz_Kdzffjp-yvFMTyWs,Caitlyn,51,0.42857142857142855,3,7,0,9122,8830,16,False
Josefers,v6MZX82II9D_xF6V4SLDy1BkRGcRRz_Kdzffjp-yvFMTyWs,Jinx,222,3.0,8,5,7,11292,9200,18,True
Josefers,v6MZX82II9D_xF6V4SLDy1BkRGcRRz_Kdzffjp-yvFMTyWs,Kaisa,145,0.8461538461538461,5,13,6,10825,10050,11,False
Josefers,v6MZX82II9D_xF6V4SLDy1BkRGcRRz_Kdzffjp-yvFMTyWs,Kaisa,145,1.5,8,8,4,14755,14325,18,False
Josefers,v6MZX82II9D_xF6V4SLDy1BkRGcRRz_Kdzffjp-yvFMTyWs,Kaisa,145,0.5,1,2,0,3657,2675,5,False
Josefers,v6MZX82II9D_xF6V4SLDy1BkRGcRRz_Kdzffjp-yvFMTyWs,Xayah,498,3.5,8,4,6,13310,13050,24,True
Josefers,v6MZX82II9D_xF6V4SLDy1BkRGcRRz_Kdzffjp-yvFMTyWs,Jinx,222,2.0,9,7,5,13926,11750,14,True
Josefers,v6MZX82II9D_xF6V4SLDy1BkRGcRRz_Kdzffjp-yvFMTyWs,Jinx,222,0.0,0,0,0,593,500,0,False
Josefers,v6MZX82II9D_xF6V4SLDy1BkRGcRRz_Kdzffjp-yvFMTyWs,Jinx,222,2.5454545454545454,17,11,11,23290,28350,40,False
Josefers,v6MZX82II9D_xF6V4SLDy1BkRGcRRz_Kdzffjp-yvFMTyWs,Zoe,142,2.3333333333333335,13,9,8,15442,14630,29,False
Josefers,v6MZX82II9D_xF6V4SLDy1BkRGcRRz_Kdzffjp-yvFMTyWs,Kaisa,145,2.0,8,8,8,13788,12570,11,True
Josefers,v6MZX82II9D_xF6V4SLDy1BkRGcRRz_Kdzffjp-yvFMTyWs,Kaisa,145,0.0,0,0,0,585,500,0,False
Josefers,v6MZX82II9D_xF6V4SLDy1BkRGcRRz_Kdzffjp-yvFMTyWs,Samira,360,2.1,18,10,3,18976,14800,21,True
Josefers,v6MZX82II9D_xF6V4SLDy1BkRGcRRz_Kdzffjp-yvFMTyWs,Kaisa,145,1.5384615384615385,9,13,11,14962,14600,18,False
Josefers,v6MZX82II9D_xF6V4SLDy1BkRGcRRz_Kdzffjp-yvFMTyWs,Kaisa,145,3.6666666666666665,18,6,4,17956,16900,22,True
Josefers,v6MZX82II9D_xF6V4SLDy1BkRGcRRz_Kdzffjp-yvFMTyWs,Kaisa,145,5.0,9,3,6,10785,7925,12,True
Josefers,v6MZX82II9D_xF6V4SLDy1BkRGcRRz_Kdzffjp-yvFMTyWs,Syndra,134,1.125,2,8,7,8599,10140,15,False
Josefers,v6MZX82II9D_xF6V4SLDy1BkRGcRRz_Kdzffjp-yvFMTyWs,Kaisa,145,8.333333333333334,18,3,7,16633,15300,27,True
Zymma,F3FTGIkbvlk3ePrrIBx0A-80ASbbLqF4ryhgjoXMM3vRgc4,Kaisa,145,1.1428571428571428,3,7,5,9812,9340,9,False
Zymma,F3FTGIkbvlk3ePrrIBx0A-80ASbbLqF4ryhgjoXMM3vRgc4,Sivir,15,3.3333333333333335,3,6,17,15257,14740,25,True
Zymma,F3FTGIkbvlk3ePrrIBx0A-80ASbbLqF4ryhgjoXMM3vRgc4,Sivir,15,4.142857142857143,7,7,22,16093,14135,11,True
Zymma,F3FTGIkbvlk3ePrrIBx0A-80ASbbLqF4ryhgjoXMM3vRgc4,Sivir,15,1.5,6,8,6,12577,12180,17,False
Zymma,F3FTGIkbvlk3ePrrIBx0A-80ASbbLqF4ryhgjoXMM3vRgc4,Sivir,15,11.0,5,1,6,13236,12125,16,True
Zymma,F3FTGIkbvlk3ePrrIBx0A-80ASbbLqF4ryhgjoXMM3vRgc4,Kaisa,145,1.6,2,10,14,13109,12425,33,True
Zymma,F3FTGIkbvlk3ePrrIBx0A-80ASbbLqF4ryhgjoXMM3vRgc4,Kaisa,145,1.5714285714285714,3,7,8,7452,6800,8,False
Zymma,F3FTGIkbvlk3ePrrIBx0A-80ASbbLqF4ryhgjoXMM3vRgc4,Kaisa,145,3.0,7,6,11,13495,12500,22,True
Zymma,F3FTGIkbvlk3ePrrIBx0A-80ASbbLqF4ryhgjoXMM3vRgc4,Kaisa,145,2.1666666666666665,7,6,6,10451,10110,10,True
Zymma,F3FTGIkbvlk3ePrrIBx0A-80ASbbLqF4ryhgjoXMM3vRgc4,Kaisa,145,1.5714285714285714,5,7,6,13309,11885,12,True
Zymma,F3FTGIkbvlk3ePrrIBx0A-80ASbbLqF4ryhgjoXMM3vRgc4,Kaisa,145,3.1666666666666665,7,6,12,12202,10900,19,True
Zymma,F3FTGIkbvlk3ePrrIBx0A-80ASbbLqF4ryhgjoXMM3vRgc4,Caitlyn,51,0.625,1,8,4,10542,9800,11,False
Zymma,F3FTGIkbvlk3ePrrIBx0A-80ASbbLqF4ryhgjoXMM3vRgc4,Kaisa,145,1.8,7,10,11,13923,13080,12,True
Zymma,F3FTGIkbvlk3ePrrIBx0A-80ASbbLqF4ryhgjoXMM3vRgc4,Caitlyn,51,4.0,8,5,12,14398,12100,30,True
Zymma,F3FTGIkbvlk3ePrrIBx0A-80ASbbLqF4ryhgjoXMM3vRgc4,Caitlyn,51,1.0,2,10,8,11260,10670,15,False
Zymma,F3FTGIkbvlk3ePrrIBx0A-80ASbbLqF4ryhgjoXMM3vRgc4,Kaisa,145,5.5,8,2,3,9806,9575,12,True
Zymma,F3FTGIkbvlk3ePrrIBx0A-80ASbbLqF4ryhgjoXMM3vRgc4,Kaisa,145,0.4,2,10,2,9836,9010,8,False
Zymma,F3FTGIkbvlk3ePrrIBx0A-80ASbbLqF4ryhgjoXMM3vRgc4,Caitlyn,51,1.0,2,8,6,8671,8500,9,False
Zymma,F3FTGIkbvlk3ePrrIBx0A-80ASbbLqF4ryhgjoXMM3vRgc4,Kaisa,145,0.0,0,0,0,503,500,0,False
Zymma,F3FTGIkbvlk3ePrrIBx0A-80ASbbLqF4ryhgjoXMM3vRgc4,Kaisa,145,2.0,3,5,7,11056,10750,9,True
Zymma,F3FTGIkbvlk3ePrrIBx0A-80ASbbLqF4ryhgjoXMM3vRgc4,Kaisa,145,4.0,5,3,7,10358,9600,8,True
Zymma,F3FTGIkbvlk3ePrrIBx0A-80ASbbLqF4ryhgjoXMM3vRgc4,Caitlyn,51,0.25,2,8,0,7176,7025,7,False
Zymma,F3FTGIkbvlk3ePrrIBx0A-80ASbbLqF4ryhgjoXMM3vRgc4,Caitlyn,51,4.0,2,0,2,6492,5400,4,True
Zymma,F3FTGIkbvlk3ePrrIBx0A-80ASbbLqF4ryhgjoXMM3vRgc4,Caitlyn,51,0.7,0,10,7,7444,7125,5,False
Zymma,F3FTGIkbvlk3ePrrIBx0A-80ASbbLqF4ryhgjoXMM3vRgc4,Caitlyn,51,1.1111111111111112,5,9,5,11441,11000,8,False
Zymma,F3FTGIkbvlk3ePrrIBx0A-80ASbbLqF4ryhgjoXMM3vRgc4,Caitlyn,51,2.1818181818181817,13,11,11,25316,25500,18,True
Zymma,F3FTGIkbvlk3ePrrIBx0A-80ASbbLqF4ryhgjoXMM3vRgc4,Caitlyn,51,1.4,3,5,4,8021,7800,11,False
Zymma,F3FTGIkbvlk3ePrrIBx0A-80ASbbLqF4ryhgjoXMM3vRgc4,Caitlyn,51,1.0,1,3,2,4374,3850,4,False
Zymma,F3FTGIkbvlk3ePrrIBx0A-80ASbbLqF4ryhgjoXMM3vRgc4,Caitlyn,51,2.0,3,7,11,11138,10500,12,False
Zymma,F3FTGIkbvlk3ePrrIBx0A-80ASbbLqF4ryhgjoXMM3vRgc4,Sivir,15,2.8,3,5,11,11507,10240,10,True
Zymma,F3FTGIkbvlk3ePrrIBx0A-80ASbbLqF4ryhgjoXMM3vRgc4,Caitlyn,51,2.6666666666666665,7,6,9,14956,13900,19,True
Zymma,F3FTGIkbvlk3ePrrIBx0A-80ASbbLqF4ryhgjoXMM3vRgc4,Caitlyn,51,4.0,3,1,1,5326,4950,3,True
Zymma,F3FTGIkbvlk3ePrrIBx0A-80ASbbLqF4ryhgjoXMM3vRgc4,Caitlyn,51,1.2222222222222223,6,9,5,13771,13450,11,False
Zymma,F3FTGIkbvlk3ePrrIBx0A-80ASbbLqF4ryhgjoXMM3vRgc4,Caitlyn,51,2.5,3,4,7,10587,9100,8,True
Zymma,F3FTGIkbvlk3ePrrIBx0A-80ASbbLqF4ryhgjoXMM3vRgc4,Caitlyn,51,5.6,13,5,15,16159,14300,23,True
Zymma,F3FTGIkbvlk3ePrrIBx0A-80ASbbLqF4ryhgjoXMM3vRgc4,Caitlyn,51,3.5,3,2,4,6692,5700,8,True
Zymma,F3FTGIkbvlk3ePrrIBx0A-80ASbbLqF4ryhgjoXMM3vRgc4,Caitlyn,51,10.5,9,2,12,10252,7650,8,True
Zymma,F3FTGIkbvlk3ePrrIBx0A-80ASbbLqF4ryhgjoXMM3vRgc4,Caitlyn,51,9.0,2,1,7,7468,6650,4,True
Zymma,F3FTGIkbvlk3ePrrIBx0A-80ASbbLqF4ryhgjoXMM3vRgc4,Caitlyn,51,4.666666666666667,4,3,10,11504,10650,18,True
Zymma,F3FTGIkbvlk3ePrrIBx0A-80ASbbLqF4ryhgjoXMM3vRgc4,Caitlyn,51,1.25,1,8,9,8742,8050,10,False
Zymma,F3FTGIkbvlk3ePrrIBx0A-80ASbbLqF4ryhgjoXMM3vRgc4,Caitlyn,51,9.0,3,1,6,6840,4900,5,True
Zymma,F3FTGIkbvlk3ePrrIBx0A-80ASbbLqF4ryhgjoXMM3vRgc4,Caitlyn,51,2.0,2,6,10,11845,11450,14,False
Zymma,F3FTGIkbvlk3ePrrIBx0A-80ASbbLqF4ryhgjoXMM3vRgc4,Caitlyn,51,1.0,2,5,3,7880,7000,15,True
Zymma,F3FTGIkbvlk3ePrrIBx0A-80ASbbLqF4ryhgjoXMM3vRgc4,Caitlyn,51,0.875,4,8,3,8619,7650,14,False
Zymma,F3FTGIkbvlk3ePrrIBx0A-80ASbbLqF4ryhgjoXMM3vRgc4,Sivir,15,2.0,5,6,7,12946,12710,16,True
Zymma,F3FTGIkbvlk3ePrrIBx0A-80ASbbLqF4ryhgjoXMM3vRgc4,Sivir,15,2.0,5,10,15,16248,13825,30,False
Zymma,F3FTGIkbvlk3ePrrIBx0A-80ASbbLqF4ryhgjoXMM3vRgc4,Gangplank,41,0.5,1,8,3,8681,7925,16,False
Zymma,F3FTGIkbvlk3ePrrIBx0A-80ASbbLqF4ryhgjoXMM3vRgc4,Gangplank,41,5.0,4,3,11,15613,14150,20,True
Zymma,F3FTGIkbvlk3ePrrIBx0A-80ASbbLqF4ryhgjoXMM3vRgc4,Sivir,15,2.1666666666666665,5,6,8,11894,10600,10,False
Zymma,F3FTGIkbvlk3ePrrIBx0A-80ASbbLqF4ryhgjoXMM3vRgc4,Zac,154,1.2,3,5,3,8391,7700,11,False
Munno,sxlfRthg-srLnnDtadlxihyUEEO6uNaodL_lRr5CTyPP0w,Seraphine,147,1.5,3,8,9,8137,7200,57,False
Munno,sxlfRthg-srLnnDtadlxihyUEEO6uNaodL_lRr5CTyPP0w,Seraphine,147,4.0,2,6,22,11163,9950,79,True
Munno,sxlfRthg-srLnnDtadlxihyUEEO6uNaodL_lRr5CTyPP0w,Brand,63,1.5454545454545454,5,11,12,10663,10525,69,False
Munno,sxlfRthg-srLnnDtadlxihyUEEO6uNaodL_lRr5CTyPP0w,Brand,63,3.5,5,6,16,12143,11000,91,True
Munno,sxlfRthg-srLnnDtadlxihyUEEO6uNaodL_lRr5CTyPP0w,Brand,63,1.6666666666666667,3,9,12,10923,9735,90,True
Munno,sxlfRthg-srLnnDtadlxihyUEEO6uNaodL_lRr5CTyPP0w,Brand,63,1.75,7,8,7,9071,7550,46,True
Munno,sxlfRthg-srLnnDtadlxihyUEEO6uNaodL_lRr5CTyPP0w,Morgana,25,2.5454545454545454,7,11,21,12110,10375,62,True
Munno,sxlfRthg-srLnnDtadlxihyUEEO6uNaodL_lRr5CTyPP0w,Brand,63,2.4,6,10,18,13676,12700,108,True
Munno,sxlfRthg-srLnnDtadlxihyUEEO6uNaodL_lRr5CTyPP0w,Corki,42,1.0,3,10,7,11934,11575,22,False
Munno,sxlfRthg-srLnnDtadlxihyUEEO6uNaodL_lRr5CTyPP0w,Nami,267,3.1666666666666665,3,6,16,10296,9700,59,True
Munno,sxlfRthg-srLnnDtadlxihyUEEO6uNaodL_lRr5CTyPP0w,Twitch,29,0.0,0,0,0,509,500,0,False
Munno,sxlfRthg-srLnnDtadlxihyUEEO6uNaodL_lRr5CTyPP0w,Lux,99,2.125,2,8,15,8936,8535,58,False
Munno,sxlfRthg-srLnnDtadlxihyUEEO6uNaodL_lRr5CTyPP0w,Twitch,29,2.142857142857143,16,14,14,13632,13025,28,False
Munno,sxlfRthg-srLnnDtadlxihyUEEO6uNaodL_lRr5CTyPP0w,Velkoz,161,1.5,2,6,7,7669,6935,55,True
Munno,sxlfRthg-srLnnDtadlxihyUEEO6uNaodL_lRr5CTyPP0w,Velkoz,161,3.6,6,5,12,11654,9975,50,True
Munno,sxlfRthg-srLnnDtadlxihyUEEO6uNaodL_lRr5CTyPP0w,Senna,235,1.2222222222222223,1,9,10,8510,8350,68,False
Munno,sxlfRthg-srLnnDtadlxihyUEEO6uNaodL_lRr5CTyPP0w,Senna,235,2.7,11,10,16,13001,10725,62,False
Munno,sxlfRthg-srLnnDtadlxihyUEEO6uNaodL_lRr5CTyPP0w,Senna,235,1.8571428571428572,6,7,7,10794,9500,79,True
Munno,sxlfRthg-srLnnDtadlxihyUEEO6uNaodL_lRr5CTyPP0w,Senna,235,5.666666666666667,4,3,13,9673,7700,46,True
Munno,sxlfRthg-srLnnDtadlxihyUEEO6uNaodL_lRr5CTyPP0w,Senna,235,1.4285714285714286,2,7,8,8803,8200,59,False
Munno,sxlfRthg-srLnnDtadlxihyUEEO6uNaodL_lRr5CTyPP0w,Senna,235,3.9,9,10,30,14990,16775,109,False
Munno,sxlfRthg-srLnnDtadlxihyUEEO6uNaodL_lRr5CTyPP0w,Senna,235,1.6666666666666667,2,6,8,8475,8250,54,True
Munno,sxlfRthg-srLnnDtadlxihyUEEO6uNaodL_lRr5CTyPP0w,Senna,235,9.5,5,2,14,11241,8800,64,True
Munno,sxlfRthg-srLnnDtadlxihyUEEO6uNaodL_lRr5CTyPP0w,Senna,235,10.0,4,1,6,8722,7850,61,True
Munno,sxlfRthg-srLnnDtadlxihyUEEO6uNaodL_lRr5CTyPP0w,Senna,235,2.2857142857142856,1,7,15,8285,6550,46,True
Munno,sxlfRthg-srLnnDtadlxihyUEEO6uNaodL_lRr5CTyPP0w,Senna,235,1.6666666666666667,2,9,13,8583,8070,61,False
Munno,sxlfRthg-srLnnDtadlxihyUEEO6uNaodL_lRr5CTyPP0w,Garen,86,0.375,2,8,1,7561,5333,9,False
Munno,sxlfRthg-srLnnDtadlxihyUEEO6uNaodL_lRr5CTyPP0w,Garen,86,1.0,1,0,0,1304,500,1,True
